{"cameraMode":{"drawMode":0,"name":"Shaded","section":"Shading Mode"},"sceneLighting":true,"audioPlay":false,"sceneViewState":{"m_AlwaysRefresh":false,"showFog":true,"showSkybox":true,"showFlares":true,"showImageEffects":true,"showParticleSystems":true,"showVisualEffectGraphs":true,"m_FxEnabled":true},"in2DMode":false,"pivot":{"x":0.8099092245101929,"y":2.661080837249756,"z":-3.870323419570923},"rotation":{"x":0.17241954803466798,"y":0.49616727232933047,"z":-0.10125777870416641,"w":0.8448952436447144},"size":2.046417713165283,"orthographic":false}